Workbook

Sheet Year 1
A1: Electric Demand (kWh) | B1: Thermal Demand (kWh_th) | C1: Solar PV Total Production (kWh) | D1: Solar PV Curtailment (kWh) | E1: Solar PV Actual Production (kWh) | F1: Solar PV Conversion Losses (kWh) | G1: Solar PV To AC Bus (kWh) | H1: Solar PV To Thermal DC Bus (kWh) | I1: Battery Outflow (kWh) | J1: Battery Inflow (kWh) | K1: Battery State of Charge (%) | L1: Battery Conversion Losses (kWh) | M1: Thermal Battery Outflow (kWh) | N1: Thermal Battery Inflow (kWh) | O1: Thermal Battery State of Charge (%) | P1: Thermal Battery Installed Capacity (kWh) | Q1: TES State of Charge (kg) | R1: TES Capacity (kg) | S1: TES State of Charge (%) | T1: TES Charge (kg/h) | U1: TES Discharge (kg/h) | V1: TES Ice Production (kg/h) | W1: TES Compressor Capacity (kW) | X1: TES Electric Consumption (kWh) | Y1: TES Cooling Output (kWh_th) | Z1: Lost Load (kWh) | AA1: Thermal Unmet Demand (kWh_th)
A2: 0.52 | B2: 0.38 | C2: 0 | D2: 0 | E2: 0 | F2: 0 | G2: 0 | H2: 0 | I2: 0.53 | J2: 0 | K2: 48.09 | L2: 0.02 | M2: 0.01 | N2: 0 | O2: 49.62 | P2: 2.09 | Q2: 19.13 | R2: 150 | S2: 12.76 | T2: 0.01 | U2: 4.09 | V2: 0.02 | W2: 0.2 | X2: 0 | Y2: 0.37 | Z2: 0.01 | AA2: 0.01
A3: 0.51 | B3: 0.37 | C3: 0 | D3: 0 | E3: 0 | F3: 0 | G3: 0 | H3: 0 | I3: 0.51 | J3: 0 | K3: 46.25 | L3: 0.02 | M3: 0.01 | N3: 0 | O3: 49.25 | P3: 2.09 | Q3: 14.76 | R3: 150 | S3: 9.84 | T3: 0.02 | U3: 4.02 | V3: 0.03 | W3: 0.2 | X3: 0 | Y3: 0.36 | Z3: 0.01 | AA3: 0.01
A4: 0.54 | B4: 0.36 | C4: 0 | D4: 0 | E4: 0 | F4: 0 | G4: 0 | H4: 0 | I4: 0.55 | J4: 0 | K4: 44.28 | L4: 0.02 | M4: 0.13 | N4: 0 | O4: 43 | P4: 2.09 | Q4: 20.63 | R4: 150 | S4: 13.75 | T4: 10.13 | U4: 3.96 | V4: 10.13 | W4: 0.2 | X4: 0.12 | Y4: 0.36 | Z4: 0.01 | AA4: 0.01
A5: 0.55 | B5: 0.36 | C5: 0 | D5: 0 | E5: 0 | F5: 0 | G5: 0 | H5: 0 | I5: 0.55 | J5: 0 | K5: 42.29 | L5: 0.02 | M5: 0.12 | N5: 0 | O5: 36.89 | P5: 2.09 | Q5: 26.81 | R5: 150 | S5: 17.88 | T5: 10.49 | U5: 3.89 | V5: 10.49 | W5: 0.2 | X5: 0.12 | Y5: 0.35 | Z5: 0.01 | AA5: 0.01
A6: 0.55 | B6: 0.52 | C6: 0 | D6: 0 | E6: 0 | F6: 0 | G6: 0 | H6: 0 | I6: 0.56 | J6: 0 | K6: 40.28 | L6: 0.02 | M6: 0.12 | N6: 0 | O6: 30.87 | P6: 2.09 | Q6: 31.06 | R6: 150 | S6: 20.71 | T6: 10.49 | U6: 5.71 | V6: 10.5 | W6: 0.2 | X6: 0.11 | Y6: 0.51 | Z6: 0.01 | AA6: 0.01
A7: 0.57 | B7: 0.69 | C7: 0 | D7: 0 | E7: 0 | F7: 0 | G7: 0 | H7: 0 | I7: 0.57 | J7: 0 | K7: 38.21 | L7: 0.02 | M7: 0.11 | N7: 0 | O7: 25.44 | P7: 2.09 | Q7: 33.43 | R7: 150 | S7: 22.29 | T7: 10.5 | U7: 7.51 | V7: 10.5 | W7: 0.2 | X7: 0.1 | Y7: 0.68 | Z7: 0.01 | AA7: 0.01
A8: 0.62 | B8: 0.82 | C8: 0.28 | D8: 0 | E8: 0.28 | F8: 0 | G8: 0.27 | H8: 0 | I8: 0.34 | J8: 0 | K8: 36.97 | L8: 0.01 | M8: 0.1 | N8: 0 | O8: 20.61 | P8: 2.09 | Q8: 34.3 | R8: 150 | S8: 22.87 | T8: 10.5 | U8: 8.96 | V8: 10.5 | W8: 0.2 | X8: 0.08 | Y8: 0.81 | Z8: 0.01 | AA8: 0.02
A9: 0.75 | B9: 0.93 | C9: 0.87 | D9: 0.01 | E9: 0.86 | F9: 0 | G9: 0.75 | H9: 0.11 | I9: 0 | J9: 0.01 | K9: 37.01 | L9: 0 | M9: 0 | N9: 0.02 | O9: 21.58 | P9: 2.09 | Q9: 33.95 | R9: 150 | S9: 22.63 | T9: 10.5 | U9: 10.17 | V9: 11.14 | W9: 0.2 | X9: 0.07 | Y9: 0.92 | Z9: 0.01 | AA9: 0.02
A10: 0.77 | B10: 1.01 | C10: 3.74 | D10: 1.19 | E10: 2.56 | F10: 0 | G10: 2.16 | H10: 0.39 | I10: 0 | J10: 1.36 | K10: 41.54 | L10: 0.04 | M10: 0 | N10: 0.27 | O10: 33.89 | P10: 2.09 | Q10: 32.73 | R10: 150 | S10: 21.82 | T10: 10.5 | U10: 11.04 | V10: 22.97 | W10: 0.2 | X10: 0.1 | Y10: 0.99 | Z10: 0.01 | AA10: 0.02
A11: 0.77 | B11: 0.98 | C11: 8.15 | D11: 5.04 | E11: 3.12 | F11: 0 | G11: 2.76 | H11: 0.35 | I11: 0 | J11: 1.94 | K11: 47.99 | L11: 0.06 | M11: 0 | N11: 0.2 | O11: 43.05 | P11: 2.09 | Q11: 31.91 | R11: 150 | S11: 21.28 | T11: 10.5 | U11: 10.66 | V11: 17.45 | W11: 0.2 | X11: 0.13 | Y11: 0.96 | Z11: 0.01 | AA11: 0.02
A12: 0.82 | B12: 0.96 | C12: 10.55 | D12: 7.64 | E12: 2.91 | F12: 0 | G12: 2.57 | H12: 0.34 | I12: 0 | J12: 1.71 | K12: 53.67 | L12: 0.05 | M12: 0 | N12: 0.16 | O12: 50.34 | P12: 2.09 | Q12: 31.28 | R12: 150 | S12: 20.85 | T12: 10.5 | U12: 10.5 | V12: 12.57 | W12: 0.2 | X12: 0.16 | Y12: 0.94 | Z12: 0.01 | AA12: 0.02
A13: 0.83 | B13: 0.93 | C13: 11.51 | D13: 8.45 | E13: 3.06 | F13: 0 | G13: 2.71 | H13: 0.35 | I13: 0 | J13: 1.83 | K13: 59.76 | L13: 0.06 | M13: 0 | N13: 0.15 | O13: 57.31 | P13: 2.09 | Q13: 31.01 | R13: 150 | S13: 20.67 | T13: 10.5 | U13: 10.14 | V13: 11.49 | W13: 0.2 | X13: 0.18 | Y13: 0.91 | Z13: 0.01 | AA13: 0.02
... A8761: 1.23 | B8761: 0.64 | C8761: 0 | D8761: 0 | E8761: 0 | F8761: 0 | G8761: 0 | H8761: 0 | I8761: 1.24 | J8761: 0 | K8761: 20 | L8761: 0.04 | M8761: 0.01 | N8761: 0 | O8761: 20.01 | P8761: 2.09 | Q8761: 0 | R8761: 150 | S8761: 0 | T8761: 0.09 | U8761: 6.97 | V8761: 0.09 | W8761: 0.2 | X8761: 0 | Y8761: 0.63 | Z8761: 0.02 | AA8761: 0.01

Sheet Foglio1
A1: Q bat in | B1: Q bat out | C1: Q bat | D1: Q el | E1: Q cooling units
A2: ='Year 1'!J2*(1-0.96) -> 0 | B2: ='Year 1'!I2*(1/0.96-1) -> 0.022083333 | C2: =A2+B2 -> 0.022083333 | D2: =E2*(1-0.98) -> 0.0074 | E2: ='Year 1'!X2+'Year 1'!Y2 -> 0.37
A3: ='Year 1'!J3*(1-0.96) -> 0 | B3: ='Year 1'!I3*(1/0.96-1) -> 0.02125 | C3: =A3+B3 -> 0.02125 | D3: =E3*(1-0.98) -> 0.0072 | E3: ='Year 1'!X3+'Year 1'!Y3 -> 0.36
A4: ='Year 1'!J4*(1-0.96) -> 0 | B4: ='Year 1'!I4*(1/0.96-1) -> 0.022916667 | C4: =A4+B4 -> 0.022916667 | D4: =E4*(1-0.98) -> 0.0096 | E4: ='Year 1'!X4+'Year 1'!Y4 -> 0.48
A5: ='Year 1'!J5*(1-0.96) -> 0 | B5: ='Year 1'!I5*(1/0.96-1) -> 0.022916667 | C5: =A5+B5 -> 0.022916667 | D5: =E5*(1-0.98) -> 0.0094 | E5: ='Year 1'!X5+'Year 1'!Y5 -> 0.47
A6: ='Year 1'!J6*(1-0.96) -> 0 | B6: ='Year 1'!I6*(1/0.96-1) -> 0.023333333 | C6: =A6+B6 -> 0.023333333 | D6: =E6*(1-0.98) -> 0.0124 | E6: ='Year 1'!X6+'Year 1'!Y6 -> 0.62
A7: ='Year 1'!J7*(1-0.96) -> 0 | B7: ='Year 1'!I7*(1/0.96-1) -> 0.02375 | C7: =A7+B7 -> 0.02375 | D7: =E7*(1-0.98) -> 0.0156 | E7: ='Year 1'!X7+'Year 1'!Y7 -> 0.78
A8: ='Year 1'!J8*(1-0.96) -> 0 | B8: ='Year 1'!I8*(1/0.96-1) -> 0.014166667 | C8: =A8+B8 -> 0.014166667 | D8: =E8*(1-0.98) -> 0.0178 | E8: ='Year 1'!X8+'Year 1'!Y8 -> 0.89
A9: ='Year 1'!J9*(1-0.96) -> 0.0004 | B9: ='Year 1'!I9*(1/0.96-1) -> 0 | C9: =A9+B9 -> 0.0004 | D9: =E9*(1-0.98) -> 0.0198 | E9: ='Year 1'!X9+'Year 1'!Y9 -> 0.99
A10: ='Year 1'!J10*(1-0.96) -> 0.0544 | B10: ='Year 1'!I10*(1/0.96-1) -> 0 | C10: =A10+B10 -> 0.0544 | D10: =E10*(1-0.98) -> 0.0218 | E10: ='Year 1'!X10+'Year 1'!Y10 -> 1.09
A11: ='Year 1'!J11*(1-0.96) -> 0.0776 | B11: ='Year 1'!I11*(1/0.96-1) -> 0 | C11: =A11+B11 -> 0.0776 | D11: =E11*(1-0.98) -> 0.0218 | E11: ='Year 1'!X11+'Year 1'!Y11 -> 1.09
A12: ='Year 1'!J12*(1-0.96) -> 0.0684 | B12: ='Year 1'!I12*(1/0.96-1) -> 0 | C12: =A12+B12 -> 0.0684 | D12: =E12*(1-0.98) -> 0.022 | E12: ='Year 1'!X12+'Year 1'!Y12 -> 1.1
A13: ='Year 1'!J13*(1-0.96) -> 0.0732 | B13: ='Year 1'!I13*(1/0.96-1) -> 0 | C13: =A13+B13 -> 0.0732 | D13: =E13*(1-0.98) -> 0.0218 | E13: ='Year 1'!X13+'Year 1'!Y13 -> 1.09
... A8761: ='Year 1'!J8761*(1-0.96) -> 0 | B8761: ='Year 1'!I8761*(1/0.96-1) -> 0.051666667 | C8761: =A8761+B8761 -> 0.051666667 | D8761: =E8761*(1-0.98) -> 0.0126 | E8761: ='Year 1'!X8761+'Year 1'!Y8761 -> 0.63
